empresa;convenio;convenio_formula
GERIATRICS;BANCO CENTRAL;BANCO CENTRAL GRT
GERIATRICS;PASA;PASA GRT
PLENO SAUDE;BRADESCO SAUDE;BRADESCO SAUDE
PREMIER BROOKLIN;CASSI;CASSI BRO
PLENO SAUDE;REAL GRANDEZA;REAL GRANDEZA
GERIATRICS;SAUDE PETROBRAS;SAUDE PETROBRAS GRT
GERIATRICS;REAL GRANDEZA;REAL GRANDEZA GRT
PLENO SAUDE;UNIMED CENTRO SUL;UNIMED CENTRO SUL
PREMIER BROOKLIN;CET;CET BRO
PLENO SAUDE;CASSI;CASSI-RJ
PLENO SAUDE;UNAFISCO;UNAFISCO
PLENO SAUDE;CAMED;CAMED
PREMIER NITEROI;UNAFISCO;UNAFISCO NIT
GERIATRICS;PARTICULAR;PARTICULAR
PREMIER BARRA;AMIL;AMIL BAR
PREMIER BROOKLIN;METRUS;METRUS BRO
GERIATRICS;CASSI;CASSI GRT
GERIATRICS;AMIL;AMIL GRT
PREMIER LEBLON;PARTICULAR;PARTICULAR
GERIATRICS;CAPESESP;CAPESESP GRT
GERIATRICS;MEDSENIOR;MEDSENIOR GRT
GERIATRICS;UNIMED SAO LOURENCO;UNIMED SAO LOURENCO GRT
PLENO SAUDE;CAPESESP;CAPESESP
PLENO SAUDE;GAMA SAUDE;GAMA SAUDE
PLENO SAUDE;PORTO SEGURO;PORTO SEGURO
PLENO SAUDE;CNU;CNU
PLENO SAUDE;AMIL;AMIL
PLENO SAUDE;PREVENT SENIOR;PREVENT SENIOR
PLENO SAUDE;FUSEX;FUSEX
PLENO SAUDE;MUTUA;MUTUA
PLENO SAUDE;SAUDE PETROBRAS;SAUDE PETROBRAS
PLENO SAUDE;FIO SAUDE;FIO SAUDE
PLENO SAUDE;CASEMBRAPA;CASEMBRAPA
PLENO SAUDE;SULAMERICA;SULAMERICA
PLENO SAUDE;UNIMED RESENDE;UNIMED RESENDE
PLENO SAUDE;PARTICULAR;PARTICULAR
PLENO SAUDE;CASSI;CASSI-SP
PLENO SAUDE;BIOVIDA;BIOVIDA
PLENO SAUDE;ABERTTA SAUDE;ABERTTA SAUDE
PLENO SAUDE;UNIMED VOLTA REDONDA;UNIMED VOLTA REDONDA
PREMIER BARRA;CAURJ;CAURJ BAR
PREMIER BARRA;MEDSENIOR;MEDSENIOR BAR
PREMIER BARRA;UNIMED FERJ;UNIMED FERJ BAR
PREMIER BROOKLIN;BANCO CENTRAL;BANCO CENTRAL BRO
PLENO SAUDE;MEDISERVICE;MEDISERVICE SP
PREMIER NITEROI;ASSIM;ASSIM NIT
PREMIER NITEROI;BRADESCO SAUDE;BRADESCO SAUDE NIT
PREMIER NITEROI;SULAMERICA;SULAMERICA NIT
PLENO SAUDE;BANCO BRADESCO;BANCO BRADESCO
PLENO SAUDE;CAPESESP;CAPESESP - RJ
PLENO SAUDE;CARE PLUS;CARE PLUS
PLENO SAUDE;CETESB;CETESB
PLENO SAUDE;MEDISERVICE;MEDISERVICE
PLENO SAUDE;MEDSENIOR;MEDSENIOR
PLENO SAUDE;PORTO SEGURO;PORTO SEGURO SP
PLENO SAUDE;SEGUROS UNIMED;SEGUROS UNIMED
PLENO SAUDE;UNIMED CUIABA;UNIMED CUIABA
PLENO SAUDE;UNIMED NORTE CAPIXABA;UNIMED NORTE CAPIXABA
GERIATRICS;UNIMED FERJ;UNIMED FERJ GRT
PREMIER BARRA;CASSI;CASSI BAR
PREMIER BARRA;BRADESCO SAUDE;BRADESCO SAUDE BAR
PREMIER NITEROI;PORTO SEGURO;PORTO SEGURO NIT
PREMIER NITEROI;AMIL;AMIL NIT
PREMIER BARRA;SULAMERICA;SULAMERICA BAR
GERIATRICS;AMAFRERJ;AMAFRERJ GRT
GERIATRICS;CAMARJ;CAMARJ GRT
PREMIER NITEROI;MEDSENIOR;MEDSENIOR NIT
PREMIER BROOKLIN;CNU;CNU BRO
PREMIER BARRA;PORTO SEGURO;PORTO SEGURO BAR
PREMIER LEBLON;UNIMED FERJ;UNIMED FERJ LEB
PREMIER LEBLON;CAURJ;CAURJ LEB
PREMIER NITEROI;UNIMED FERJ;UNIMED FERJ NIT
PLENO SAUDE;CAIXA SEGURADORA;CAIXA SEGURADORA
PREMIER BROOKLIN;PARTICULAR;PARTICULAR
PREMIER BROOKLIN;AMIL;AMIL BRO
PLENO SAUDE;ALLIANCA SAUDE;ALLIANCA SAUDE
PLENO SAUDE;METRUS;METRUS
PREMIER BARRA;ASSIM;ASSIM BAR
PLENO SAUDE;PRO SAUDE;PRO SAUDE
PREMIER BROOKLIN;PORTO SEGURO;PORTO SEGURO BRO
GERIATRICS;ASSEFAZ;ASSEFAZ GRT
PREMIER NITEROI;SAUDE PETROBRAS;SAUDE PETROBRAS NIT
PLENO SAUDE;POSTAL SAUDE;POSTAL SAUDE BSB
PLENO SAUDE;POSTAL SAUDE;POSTAL SAUDE
PREMIER BROOKLIN;BRADESCO SAUDE;BRADESCO SAUDE BRO
PREMIER NITEROI;SEGUROS UNIMED;SEGUROS UNIMED NIT
PREMIER BROOKLIN;GEAP;GEAP
PLENO SAUDE;AMIL;AMIL SP
PLENO SAUDE;OMINT;OMINT-SP
PREMIER LEBLON;AMIL;AMIL LEB
PLENO SAUDE;OMINT;OMINT
PLENO SAUDE;BANCO BRADESCO ;BANCO BRADESCO
PLENO SAUDE;BRADESCO OPERADORA;BRADESCO OPERADORA
PREMIER BARRA;UNIMED VOLTA REDONDA;UNIMED VOLTA REDONDA BAR
PREMIER BROOKLIN;OMINT;OMINT BRO
PREMIER BROOKLIN;PREVENT SENIOR ;PREVENT SENIOR BRO
SP INTERNACOES HC;AMIL;AMIL SPID
PLENO SAUDE;MUTUA;MUTUA-RJ
PREMIER BARRA;BRADESCO OPERADORA;BRADESCO OPERADORA BAR
PREMIER BARRA;SAUDE PETROBRAS;SAUDE PETROBRAS BAR
PREMIER BARRA;UNIMED DO BRASIL;UNIMED DO BRASIL BAR
PREMIER BARRA;SEGUROS UNIMED;SEGUROS UNIMED
PREMIER BROOKLIN;BRADESCO OPERADORA;BRADESCO OPERADORA
PREMIER BROOKLIN;PREVENT SENIOR;PREVENT SENIOR BRO
PREMIER BROOKLIN;SEGUROS UNIMED;SEGUROS UNIMED BRO
PREMIER NITEROI;UNIMED DO BRASIL;UNIMED DO BRASIL NIT
PREMIER FLAMENGO;PARTICULAR;PARTICULAR
PREMIER LEBLON;UNIMED DO BRASIL;UNIMED DO BRASIL LEB
GERIATRICS;UNIMED DO BRASIL;UNIMED DO BRASIL GRT
PLENO SAUDE;HOSPITAU;HOSPITAU
PLENO SAUDE;SEPACO;SEPACO
PLENO SAUDE;UNIMED CENTRO SUL (ISS);UNIMED CENTRO SUL (ISS)
PREMIER NITEROI;PARTICULAR;PARTICULAR
PREMIER BARRA;PARTICULAR;PARTICULAR
PLENO SAUDE;ASSEFAZ;ASSEFAZ
PLENO SAUDE;AUSTA;AUSTA
PREMIER BARRA;LEVE SAUDE;LEVE SAUDE
PREMIER NITEROI;BRADESCO OPERADORA;BRADESCO OPERADORA
PREMIER NITEROI;UNIMED LESTE FLUMINENSE;UNIMED LESTE FLUMINENSE
PLENO SAUDE;LEVE SAUDE;LEVE SAUDE
PREMIER LEBLON;PORTO SEGURO;PORTO SEGURO
PREMIER BROOKLIN;ABAS;ABAS
PREMIER BROOKLIN;AMAFRESP;AMAFRESP
PREMIER BROOKLIN;ASSEFAZ;ASSEFAZ
PLENO SAUDE;FASCAL;FASCAL
GERIATRICS;UNIMED COSTA VERDE;UNIMED COSTA VERDE
PREMIER BROOKLIN;ABAS;ABAS
PREMIER BROOKLIN;AMAFRESP;AMAFRESP
PREMIER BROOKLIN;VIVEST;VIVEST BRO
PREMIER FLAMENGO;PORTO SEGURO;PORTO SEGURO
