empresa;filial;convenio;categoria_nf;cnpj
PLENO SAUDE;BSB;AMIL;POS;08.670.584/0004-67
PLENO SAUDE;RP;ASSEFAZ;POS;08.670.584/0006-29
PLENO SAUDE;SP;AUSTA;PRE;08.670.584/0006-29
PLENO SAUDE;RJ;BANCO BRADESCO;PRE;08.670.584/0001-14
PLENO SAUDE;SP;BIOVIDA;PRE;08.670.584/0006-29
PLENO SAUDE;SP;BRADESCO OPERADORA;POS;08.670.584/0006-29
PREMIER BARRA;PREMIER BARRA;BRADESCO OPERADORA;POS;27.136.670/0001-96
PLENO SAUDE;BSB;CAIXA SEGURADORA;PRE;08.670.584/0004-67
PLENO SAUDE;BSB;CAMED;PRE;08.670.584/0004-67
PLENO SAUDE;RJ;CAPESESP;POS;08.670.584/0001-14
PLENO SAUDE;RP;CARE PLUS;PRE;08.670.584/0006-29
PLENO SAUDE;SP;CASEMBRAPA;PRE;08.670.584/0006-29
PLENO SAUDE;VR;CASSI;POS;08.670.584/0001-14
PLENO SAUDE;SP;CETESB;POS;08.670.584/0006-29
PLENO SAUDE;VR;CNU;PRE;08.670.584/0001-14
PLENO SAUDE;VR;FIO SAUDE;POS;08.670.584/0001-14
PLENO SAUDE;RJ;GAMA SAUDE;PRE;08.670.584/0001-14
PLENO SAUDE;SP;HOSPITAU;PRE;08.670.584/0006-29
PLENO SAUDE;RJ;MEDISERVICE;PRE;08.670.584/0001-14
PLENO SAUDE;SP;METRUS;PRE;08.670.584/0006-29
PLENO SAUDE;RJ;MUTUA;POS;08.670.584/0001-14
PLENO SAUDE;RJ;OMINT;PRE;08.670.584/0001-14
PLENO SAUDE;RJ;PARTICULAR;PRE;08.670.584/0001-14
PLENO SAUDE;VR;PORTO SEGURO;PRE;08.670.584/0001-14
PLENO SAUDE;BSB;PREVENT SENIOR;PRE;08.670.584/0004-67
PLENO SAUDE;VR;REAL GRANDEZA;PRE;08.670.584/0001-14
PLENO SAUDE;RJ;SAUDE PETROBRAS;POS;08.670.584/0001-14
PLENO SAUDE;SP;ALLIANCA SAUDE;PRE;08.670.584/0006-29
PLENO SAUDE;SP;SEPACO;PRE;08.670.584/0006-29
PLENO SAUDE;RJ;SULAMERICA;PRE;08.670.584/0001-14
PLENO SAUDE;RJ;UNAFISCO;PRE;08.670.584/0001-14
PLENO SAUDE;VR;UNIMED CENTRO SUL;PRE;08.670.584/0001-14
PLENO SAUDE;RJ;SEGUROS UNIMED;POS;08.670.584/0001-14
PLENO SAUDE;VR;UNIMED VOLTA REDONDA;PRE;08.670.584/0001-14
PLENO SAUDE;RJ;MEDSENIOR;POS;08.670.584/0001-14
PLENO SAUDE;BSB;UNIMED CUIABA;PRE;08.670.584/0004-67
PLENO SAUDE;ES;UNIMED NORTE CAPIXABA;PRE;08.670.584/0010-05
PLENO SAUDE;RJ;UNIMED RESENDE;PRE;08.670.584/0001-14
PLENO SAUDE;BSB;UNIMED PORTO ALEGRE;PRE;08.670.584/0004-67
PLENO SAUDE;VR;ABERTTA SAUDE;POS;08.670.584/0001-14
PLENO SAUDE;ES;FUSEX;PRE;08.670.584/0010-05
PLENO SAUDE;SP;POSTAL SAUDE;PRE;08.670.584/0006-29
PLENO SAUDE;BSB;POSTAL SAUDE;POS;08.670.584/0004-67
GERIATRICS;GERIATRICS HC;ASSEFAZ;POS;29.366.549/0002-67
GERIATRICS;GERIATRICS HC;AMAFRERJ;PRE;29.366.549/0002-67
GERIATRICS;GERIATRICS HC;AMIL;POS;29.366.549/0002-67
GERIATRICS;GERIATRICS HC;BANCO CENTRAL;POS;29.366.549/0002-67
GERIATRICS;GERIATRICS HC;CAMARJ;PRE;29.366.549/0002-67
GERIATRICS;GERIATRICS HC;CAPESESP;POS;29.366.549/0002-67
GERIATRICS;GERIATRICS HC;CASSI;POS;29.366.549/0002-67
PLENO SAUDE;BSB;PRO SAUDE;POS;08.670.584/0004-67
GERIATRICS;GERIATRICS HC;MEDSENIOR;POS;29.366.549/0002-67
GERIATRICS;GERIATRICS HC;PASA;POS;29.366.549/0002-67
GERIATRICS;GERIATRICS HC;SAUDE PETROBRAS;POS;29.366.549/0002-67
GERIATRICS;GERIATRICS HC;REAL GRANDEZA;PRE;29.366.549/0002-67
GERIATRICS;GERIATRICS HC;SULAMERICA;POS;29.366.549/0002-67
GERIATRICS;GERIATRICS HC;UNIMED FERJ;POS;29.366.549/0002-67
GERIATRICS;GERIATRICS HC;UNIMED SAO LOURENCO;PRE;29.366.549/0002-67
GERIATRICS;GERIATRICS HC;UNIMED S.J CAMPOS;PRE;29.366.549/0002-67
PREMIER NITEROI;PREMIER NITEROI;AMIL;POS;29.366.549/0001-86
PLENO SAUDE;RJ;BRADESCO SAUDE;POS;08.670.584/0001-14
PREMIER NITEROI;PREMIER NITEROI;CABERJ;PRE;29.366.549/0001-86
PREMIER NITEROI;PREMIER NITEROI;PORTO SEGURO;PRE;29.366.549/0001-86
PREMIER NITEROI;PREMIER NITEROI;MEDSENIOR;POS;29.366.549/0001-86
PREMIER NITEROI;PREMIER NITEROI;SULAMERICA;POS;29.366.549/0001-86
PREMIER NITEROI;PREMIER NITEROI;SEGUROS UNIMED;POS;29.366.549/0001-86
PREMIER NITEROI;PREMIER NITEROI;UNIMED FERJ;POS;29.366.549/0001-86
PREMIER NITEROI;PREMIER NITEROI;ASSIM;POS;29.366.549/0001-86
PREMIER NITEROI;PREMIER NITEROI;UNAFISCO;POS;29.366.549/0001-86
PREMIER NITEROI;PREMIER NITEROI;SAUDE PETROBRAS;POS;29.366.549/0001-86
PREMIER BROOKLIN;PREMIER BROOKLIN;AMIL;POS;07.028.113/0001-44
PREMIER BROOKLIN;PREMIER BROOKLIN;BANCO CENTRAL;PRE;07.028.113/0001-44
PREMIER BROOKLIN;PREMIER BROOKLIN;CASSI;POS;07.028.113/0001-44
PREMIER BROOKLIN;PREMIER BROOKLIN;CET;POS;07.028.113/0001-44
PREMIER BROOKLIN;PREMIER BROOKLIN;GOLDEN CROSS;PRE;07.028.113/0001-44
PREMIER NITEROI;PREMIER NITEROI;BRADESCO SAUDE;POS;29.366.549/0001-86
PREMIER BROOKLIN;PREMIER BROOKLIN;METRUS;PRE;07.028.113/0001-44
PREMIER BROOKLIN;PREMIER BROOKLIN;PREVENT SENIOR;PRE;07.028.113/0001-44
PREMIER BROOKLIN;PREMIER BROOKLIN;PORTO SEGURO;PRE;07.028.113/0001-44
PREMIER BROOKLIN;PREMIER BROOKLIN;SULAMERICA;POS;07.028.113/0001-44
PREMIER BROOKLIN;PREMIER BROOKLIN;CNU;POS;07.028.113/0001-44
PREMIER BROOKLIN;PREMIER BROOKLIN;UNAFISCO;PRE;07.028.113/0001-44
PREMIER BROOKLIN;PREMIER BROOKLIN;SEGUROS UNIMED;POS;07.028.113/0001-44
PREMIER BARRA;PREMIER BARRA;FIO SAUDE;POS;27.136.670/0001-96
PREMIER BARRA;PREMIER BARRA;AMIL;POS;27.136.670/0001-96
PREMIER BARRA;PREMIER BARRA;ASSIM;POS;27.136.670/0001-96
PREMIER BROOKLIN;PREMIER BROOKLIN;BRADESCO SAUDE;POS;07.028.113/0001-44
PREMIER BARRA;PREMIER BARRA;BRADESCO SAUDE;POS;27.136.670/0001-96
PREMIER BARRA;PREMIER BARRA;CASSI;POS;27.136.670/0001-96
PREMIER BARRA;PREMIER BARRA;PORTO SEGURO;POS;27.136.670/0001-96
PREMIER BARRA;PREMIER BARRA;SAUDE PETROBRAS;POS;27.136.670/0001-96
PREMIER BARRA;PREMIER BARRA;SULAMERICA;POS;27.136.670/0001-96
PREMIER BARRA;PREMIER BARRA;UNIMED FERJ;POS;27.136.670/0001-96
PREMIER BARRA;PREMIER BARRA;MEDSENIOR;POS;27.136.670/0001-96
PREMIER BARRA;PREMIER BARRA;CAURJ;POS;27.136.670/0001-96
PREMIER LEBLON;PREMIER LEBLON;AMIL;POS;29.533.759/0001-11
PREMIER LEBLON;PREMIER LEBLON;CAURJ;POS;29.533.759/0001-11
PREMIER LEBLON;PREMIER LEBLON;UNIMED FERJ;POS;29.533.759/0001-11
PREMIER FLAMENGO;PREMIER FLAMENGO;CAURJ;POS;42.472.407/0001-61
SP INTERNACOES HC;SP INTERNACOES HC;AMIL;POS;0
PREMIER BARRA;PREMIER BARRA;UNIMED VOLTA REDONDA;POS;27.136.670/0001-96
PREMIER BROOKLIN;PREMIER BROOKLIN;OMINT;PRE;07.028.113/0001-44
PLENO SAUDE;SP;VIVEST;PRE;08.670.584/0006-29
PLENO SAUDE;BSB;ESMALE;PRE;08.670.584/0004-67
GERIATRICS;GERIATRICS HC;PARTICULAR;PRE;29.366.549/0002-67
PREMIER NITEROI;PREMIER NITEROI;PARTICULAR;PRE;29.366.549/0001-86
PLENO SAUDE;SP;MEDISERVICE SP;PRE;08.670.584/0006-29
PREMIER BROOKLIN;PREMIER BROOKLIN;MEDISERVICE;PRE;07.028.113/0001-44
PREMIER FLAMENGO;PREMIER FLAMENGO;PARTICULAR;PRE;42.472.407/0001-61
PREMIER BROOKLIN;PREMIER BROOKLIN;PARTICULAR;PRE;07.028.113/0001-44
PREMIER LEBLON;PREMIER LEBLON;PARTICULAR;PRE;29.533.759/0001-11
PREMIER LEBLON;PREMIER LEBLON;UNIMED RIO;POS;29.533.759/0001-11
PREMIER BARRA;PREMIER BARRA;UNIMED RIO;POS;27.136.670/0001-96
GERIATRICS;GERIATRICS HC;UNIMED RIO;POS;29.366.549/0002-67
PREMIER NITEROI;PREMIER NITEROI;UNIMED RIO;POS;29.366.549/0001-86
PREMIER BROOKLIN;PREMIER BROOKLIN;GEAP;POS;07.028.113/0001-44
PREMIER BARRA;PREMIER BARRA;UNIMED DO BRASIL;POS;27.136.670/0001-96
PREMIER NITEROI;PREMIER NITEROI;UNIMED DO BRASIL;POS;29.366.549/0001-86
PREMIER LEBLON;PREMIER LEBLON;UNIMED DO BRASIL;POS;29.533.759/0001-11
GERIATRICS;GERIATRICS HC;UNIMED DO BRASIL;POS;29.366.549/0002-67
PREMIER BARRA;PREMIER BARRA;PARTICULAR;PRE;27.136.670/0001-96
PREMIER BROOKLIN;PREMIER BROOKLIN;BRADESCO OPERADORA;POS;07.028.113/0001-44
PREMIER BARRA;PREMIER BARRA;SEGUROS UNIMED;POS;27.136.670/0001-96
PLENO SAUDE;RJ;FIO SAUDE;POS;08.670.584/0001-14
PLENO SAUDE;RJ;UNIMED CENTRO SUL;PRE;08.670.584/0001-14
PLENO SAUDE;ES;UNIMED CENTRO SUL;PRE;08.670.584/0010-05
PLENO SAUDE;RJ;UNIMED VOLTA REDONDA;PRE;08.670.584/0001-14
PLENO SAUDE;RJ;CASSI;POS;08.670.584/0001-14
PLENO SAUDE;RJ;CNU;PRE;08.670.584/0001-14
PLENO SAUDE;RJ;PORTO SEGURO;PRE;08.670.584/0001-14
PLENO SAUDE;RJ;REAL GRANDEZA;PRE;08.670.584/0001-14
PLENO SAUDE;RP;UNIMED RESENDE;PRE;08.670.584/0006-29
PLENO SAUDE;SP;SULAMERICA;PRE;08.670.584/0006-29
PLENO SAUDE;ES;BRADESCO SAUDE;POS;08.670.584/0010-05
PLENO SAUDE;ES;CNU;PRE;08.670.584/0010-05
PLENO SAUDE;ES;UNAFISCO;PRE;08.670.584/0010-05
PLENO SAUDE;BSB;BRADESCO SAUDE;POS;08.670.584/0004-67
PLENO SAUDE;BSB;CAPESESP;POS;08.670.584/0004-67
PLENO SAUDE;BSB;CASSI;POS;08.670.584/0004-67
PLENO SAUDE;BSB;CNU;PRE;08.670.584/0004-67
PLENO SAUDE;BSB;GAMA SAUDE;PRE;08.670.584/0004-67
PLENO SAUDE;BSB;PORTO SEGURO;PRE;08.670.584/0004-67
PLENO SAUDE;BSB;REAL GRANDEZA;PRE;08.670.584/0004-67
PLENO SAUDE;BSB;SEGUROS UNIMED;POS;08.670.584/0004-67
PLENO SAUDE;SP;OMINT;PRE;08.670.584/0006-29
PLENO SAUDE;SP;FIO SAUDE;POS;08.670.584/0006-29
PLENO SAUDE;SP;CAPESESP;POS;08.670.584/0006-29
PLENO SAUDE;SP;UNAFISCO;PRE;08.670.584/0006-29
PLENO SAUDE;RP;VIVEST;PRE;08.670.584/0006-29
PLENO SAUDE;SP;CNU;PRE;08.670.584/0006-29
PLENO SAUDE;RP;HOSPITAU;PRE;08.670.584/0006-29
PLENO SAUDE;SP;REAL GRANDEZA;PRE;08.670.584/0006-29
PLENO SAUDE;SP;PORTO SEGURO;PRE;08.670.584/0006-29
PLENO SAUDE;SP;SEGUROS UNIMED;POS;08.670.584/0006-29
PLENO SAUDE;SP;GAMA SAUDE;PRE;08.670.584/0006-29
PLENO SAUDE;SP;UNIMED VOLTA REDONDA;PRE;08.670.584/0006-29
PLENO SAUDE;SP;BRADESCO SAUDE;POS;08.670.584/0006-29
PLENO SAUDE;RP;REAL GRANDEZA;PRE;08.670.584/0006-29
PLENO SAUDE;RP;UNAFISCO;PRE;08.670.584/0006-29
PLENO SAUDE;VR;BRADESCO SAUDE;POS;08.670.584/0001-14
PLENO SAUDE;SP;CASSI;POS;08.670.584/0006-29
PLENO SAUDE;ES;REAL GRANDEZA;PRE;08.670.584/0010-05
PLENO SAUDE;SP;MEDSENIOR;POS;08.670.584/0006-29
PLENO SAUDE;BSB;UNAFISCO;PRE;08.670.584/0004-67
PLENO SAUDE;RP;BRADESCO SAUDE;POS;08.670.584/0006-29
PLENO SAUDE;SP;CARE PLUS;PRE;08.670.584/0006-29
PLENO SAUDE;SP;PREVENT SENIOR;PRE;08.670.584/0006-29
PLENO SAUDE;BSB;MEDSENIOR;POS;08.670.584/0004-67
PLENO SAUDE;BSB ;CNU;PRE;08.670.584/0004-67
PLENO SAUDE;BSB;CARE PLUS;PRE;08.670.584/0004-67
PLENO SAUDE;SP;MEDISERVICE;PRE;08.670.584/0006-29
PLENO SAUDE;RJ;CARE PLUS;PRE;08.670.584/0001-14
PLENO SAUDE;BSB;MEDISERVICE;PRE;08.670.584/0004-67
PLENO SAUDE;ES;MEDSENIOR;POS;08.670.584/0010-05
PLENO SAUDE;SP;UNIMED RESENDE;PRE;08.670.584/0006-29
PLENO SAUDE;RJ;CASEMBRAPA;PRE;08.670.584/0001-14
PLENO SAUDE;RP;MEDISERVICE;PRE;08.670.584/0006-29
PLENO SAUDE;MG;REAL GRANDEZA;PRE;08.670.584/0001-14
PLENO SAUDE;VR;UNIMED NORTE CAPIXABA;PRE;08.670.584/0001-14
PLENO SAUDE;VR;UNAFISCO;PRE;08.670.584/0001-14
PLENO SAUDE;VR;UNIMED CUIABA;PRE;08.670.584/0001-14
PLENO SAUDE;MG;BRADESCO SAUDE;POS;08.670.584/0001-14
PLENO SAUDE;MG;UNAFISCO;PRE;08.670.584/0001-14
PLENO SAUDE;RP;ALLIANCA SAUDE;PRE;08.670.584/0006-29
PLENO SAUDE;RP;OMINT;PRE;08.670.584/0006-29
PLENO SAUDE;RP;PREVENT SENIOR;PRE;08.670.584/0006-29
PLENO SAUDE;SP;PARTICULAR;PRE;08.670.584/0006-29
PLENO SAUDE;SP;ASSEFAZ;POS;08.670.584/0006-29
PLENO SAUDE;BSB;UNIMED CENTRO SUL;PRE;08.670.584/0004-67
PLENO SAUDE;RJ;ABERTTA SAUDE;POS;08.670.584/0001-14
PLENO SAUDE;SP;AMIL;POS;08.670.584/0006-29
PLENO SAUDE;RJ;BRADESCO OPERADORA;POS;08.670.584/0001-14
PLENO SAUDE;MG;GAMA SAUDE;PRE;08.670.584/0001-14
PLENO SAUDE;BSB;SAUDE PETROBRAS;POS;08.670.584/0004-67
PLENO SAUDE;MG;UNIMED VOLTA REDONDA;PRE;08.670.584/0001-14
PLENO SAUDE;ES;GAMA SAUDE;PRE;08.670.584/0010-05
PLENO SAUDE;BSB;PARTICULAR;PRE;08.670.584/0004-67
PLENO SAUDE;ES;BRADESCO OPERADORA;POS;08.670.584/0010-05
PLENO SAUDE;BSB;BRADESCO OPERADORA;POS;08.670.584/0004-67
PLENO SAUDE;MG;BRADESCO OPERADORA;POS;08.670.584/0001-14
PLENO SAUDE;ES;PORTO SEGURO;PRE;08.670.584/0010-05
PLENO SAUDE;ES;LIFE EMPRESARIAL SAUDE;NÃO ATIVO;08.670.584/0010-05
PLENO SAUDE;RJ;PERDAS/ BACKLOG /AUDITORIA;PERDAS/ BACKLOG /AUDITORIA;08.670.584/0001-14
GERIATRICS;GERIATRICS HC;PERDAS/ BACKLOG /AUDITORIA;PERDAS/ BACKLOG /AUDITORIA;29.366.549/0002-67
PREMIER LEBLON;PREMIER LEBLON;BACKLOG/AUDITORIA;PERDAS/ BACKLOG /AUDITORIA;29.533.759/0001-11
PREMIER BROOKLIN;PREMIER BROOKLIN;PERDAS/ BACKLOG /AUDITORIA;PERDAS/ BACKLOG /AUDITORIA;07.028.113/0001-44
PREMIER NITEROI;PREMIER NITEROI;PERDAS/ BACKLOG /AUDITORIA;PERDAS/ BACKLOG /AUDITORIA;29.366.549/0001-86
PLENO SAUDE;PLENO SAUDE;PERDAS/ BACKLOG /AUDITORIA;PERDAS/ BACKLOG /AUDITORIA;
PREMIER BARRA;PREMIER BARRA;LIFE SAUDE;NÃO ATIVO;27.136.670/0001-96
 ; ; ; ;
PLENO SAUDE;BSB;FASCAL;NÃO ATIVO;08.670.584/0004-67
PREMIER BARRRA;PREMIER BARRA;LEVE SAUDE;PRE;27.136.670/0001-96
