empresa;convenio;imposto;data_alt1;imposto_alt1;data_alt2;imposto_alt2
GERIATRICS;ASSEFAZ GRT;0,0615;;;;
GERIATRICS;AMAFRERJ GRT;0,0615;;;;
GERIATRICS;AMIL GRT;0,015;;;;
GERIATRICS;BANCO CENTRAL GRT;0,0945;;;;
GERIATRICS;CAMARJ GRT;0;;;;
GERIATRICS;CAPESESP GRT;0;;;;
GERIATRICS;CASSI GRT;0,0615;;;;
GERIATRICS;MEDSENIOR GRT;0,0615;;;;
GERIATRICS;PASA GRT;0,0615;;;;
GERIATRICS;SAUDE PETROBRAS GRT;0,0615;;;;
GERIATRICS;REAL GRANDEZA GRT;0,0615;;;;
GERIATRICS;SULAMERICA GRT;0;;;;
GERIATRICS;UNIMED FERJ GRT;0;;;;
GERIATRICS;UNIMED SAO LOURENCO GRT;0,0615;;;;
GERIATRICS;UNIMED S.J CAMPOS GRT;0,0615;;;;
GERIATRICS;UNIMED DO BRASIL GRT;0;;;;
PLENO SAUDE;AMIL;0,0815;;;;
PLENO SAUDE;AMIL SP;0,0615;;;;
PLENO SAUDE;ASSEFAZ;0,0615;;;;
PLENO SAUDE;AUSTA;0,0615;;;;
PLENO SAUDE;BACEN;0;;;;
PLENO SAUDE;BANCO BRADESCO;0,0615;;;;
PLENO SAUDE;BIOVIDA;0,0615;;;;
PLENO SAUDE;BRADESCO SAUDE;0;;;;
PLENO SAUDE;BRADESCO OPERADORA;0;;;;
PLENO SAUDE;CAIXA SEGURADORA;0;;;;
PLENO SAUDE;CAMED;0,0615;;;;
PLENO SAUDE;CAPESESP;0,0615;;;;
PLENO SAUDE;CAPESESP - RJ;0,0615;;;;
PLENO SAUDE;CARE PLUS;0,0615;;;;
PLENO SAUDE;CASEMBRAPA;0,0615;;;;
PLENO SAUDE;CASSI;0,0815;;;;
PLENO SAUDE;CASSI-BSB;0,0815;;;;
PLENO SAUDE;CASSI-RJ;0,0615;;;;
PLENO SAUDE;CASSI-SP;0,0615;;;;
PLENO SAUDE;CENTRAIS ELETRICAS;0,0815;;;;
PLENO SAUDE;CETESB;0,0615;;;;
PLENO SAUDE;CNU;0,0615;;;;
PLENO SAUDE;CNU-SP;0,0815;;;;
PLENO SAUDE;FIO SAUDE;0,0615;;;;
PLENO SAUDE;FUNCESP;0,0615;;;;
PLENO SAUDE;GAMA SAUDE - RJ;0;;;;
PLENO SAUDE;GAMA SAUDE;0,0615;;;;
PLENO SAUDE;CIGNA(ONU);0;;;;
PLENO SAUDE;HOSPITAU;0;;;;
PLENO SAUDE;INFRAERO;0,0615;;;;
PLENO SAUDE;LIFE EMPRESARIAL SAUDE;0,0615;;;;
PLENO SAUDE;LIV SAUDE;0;;;;
PLENO SAUDE;MEDISERVICE;0,0615;;;;
PLENO SAUDE;MEDISERVICE SP;0,0615;;;;
PLENO SAUDE;METRUS;0,0815;;;;
PLENO SAUDE;MUTUA-RJ;0,0615;;;;
PLENO SAUDE;MUTUA;0;01/04/2026;0,0615;;
PLENO SAUDE;NUCLEP;0,0585;;;;
PLENO SAUDE;OMINT;0,0615;;;;
PLENO SAUDE;OMINT-RJ;0,015;;;;
PLENO SAUDE;OMINT-SP;0;;;;
PLENO SAUDE;PARTICULAR;0;;;;
PLENO SAUDE;PORTO SEGURO;0;;;;
PLENO SAUDE;PORTO SEGURO SP;0,02;;;;
PLENO SAUDE;PREVENT SENIOR;0,0615;;;;
PLENO SAUDE;REAL GRANDEZA;0,0615;;;;
PLENO SAUDE;SAUDE PETROBRAS;0,0615;;;;
PLENO SAUDE;ALLIANCA SAUDE;0,0615;;;;
PLENO SAUDE;SAUDE CAIXA;0;;;;
PLENO SAUDE;SEPACO;0;;;;
PLENO SAUDE;CIGNA;0;;;;
PLENO SAUDE;STJ;0,0785;;;;
PLENO SAUDE;SULAMERICA;0,0615;;;;
PLENO SAUDE;SULAMERICA-SP;0,0815;;;;
PLENO SAUDE;UNAFISCO;0,0615;;;;
PLENO SAUDE;UNICEF;0,0615;;;;
PLENO SAUDE;UNIMED CENTRO SUL (ISS);0,1015;;;;
PLENO SAUDE;UNIMED CENTRO SUL;0,0615;;;;
PLENO SAUDE;UNIMED FORTALEZA;0,0615;;;;
PLENO SAUDE;UNIMED RIO;0,02;;;;
PLENO SAUDE;SEGUROS UNIMED;0,0615;;;;
PLENO SAUDE;UNIMED VOLTA REDONDA;0,0615;;;;
PLENO SAUDE;VIVEST;0,0615;;;;
PLENO SAUDE;VIVEST RJ ;0,0615;;;;
PLENO SAUDE;VIVEST SAUDE;0,0615;;;;
PLENO SAUDE;UNIMED SERRANA;0,0615;;;;
PLENO SAUDE;MEDSENIOR;0,0615;;;;
PLENO SAUDE;SAMEDIL;0,0615;;;;
PLENO SAUDE;UNIMED CUIABA;0,0615;;;;
PLENO SAUDE;UNIMED NORTE CAPIXABA;0,0615;;;;
PLENO SAUDE;UNIMED RESENDE;0,0615;;;;
PLENO SAUDE;ESMALE;0,0815;;;;
PLENO SAUDE;UNIMED PORTO ALEGRE;0,0615;;;;
PLENO SAUDE;ABERTTA SAUDE;0,0615;;;;
PLENO SAUDE;FUSEX;0,0585;;;;
PLENO SAUDE;CAURJ;0;;;;
PLENO SAUDE;POSTAL SAUDE;0,0615;;;;
PLENO SAUDE;POSTAL SAUDE BSB;0,0815;;;;
PLENO SAUDE;PRO SAUDE;0,0785;;;;
PLENO SAUDE;BRADESCO SAUDE BSB;0,0815;;;;
PLENO SAUDE;BRADESCO OPERADORA BSB;0,0615;;;;
PREMIER BARRA;FIO SAUDE BAR;0,0615;;;;
PREMIER BARRA;AMIL BAR;0,0615;;;;
PREMIER BARRA;ASSIM BAR;0,0615;;;;
PREMIER BARRA;BRADESCO SAUDE BAR;0;;;;
PREMIER BARRA;BRADESCO OPERADORA BAR;0;;;;
PREMIER BARRA;CASSI BAR;0;;;;
PREMIER BARRA;PORTO SEGURO BAR;0;01/02/2026;0,0615;;
PREMIER BARRA;SAUDE PETROBRAS BAR;0,0615;;;;
PREMIER BARRA;SULAMERICA BAR;0;;;;
PREMIER BARRA;UNIMED FERJ BAR;0,0465;;;;
PREMIER BARRA;MEDSENIOR BAR;0,0615;;;;
PREMIER BARRA;CAURJ BAR;0;;;;
PREMIER BARRA;UNIMED VOLTA REDONDA BAR;0,0615;;;;
PREMIER BARRA;SEGUROS UNIMED;0,0615;;;;
PREMIER BARRA;PARTICULAR;0;;;;
PREMIER BARRA;LEVE SAUDE;0,0615;;;;
PREMIER BROOKLIN;AMIL BRO;0,0665;;;;
PREMIER BROOKLIN;ASSEFAZ;0,0615;;;;
PREMIER BROOKLIN;BANCO CENTRAL BRO;0,0585;;;;
PREMIER BROOKLIN;CASSI BRO;0,02;;;;
PREMIER BROOKLIN;CET BRO;0,02;;;;
PREMIER BROOKLIN;GOLDEN CROSS BRO;0,0615;;;;
PREMIER BROOKLIN;BRADESCO SAUDE BRO;0;;;;
PREMIER BROOKLIN;METRUS BRO;0;;;;
PREMIER BROOKLIN;PREVENT SENIOR BRO;0,02;;;;
PREMIER BROOKLIN;PORTO SEGURO BRO;0,02;;;;
PREMIER BROOKLIN;SULAMERICA BRO (ISS);0,02;;;;
PREMIER BROOKLIN;SULAMERICA BRO;0;;;;
PREMIER BROOKLIN;CNU BRO;0,02;;;;
PREMIER BROOKLIN;UNAFISCO BRO;0;;;;
PREMIER BROOKLIN;SEGUROS UNIMED BRO;0,02;;;;
PREMIER BROOKLIN;OMINT BRO;0,02;;;;
PREMIER BROOKLIN;GEAP;0,0815;;;;
PREMIER BROOKLIN;AMAFRESP;0;;;;
PREMIER BROOKLIN;ABAS;0;;;;
PREMIER BROOKLIN;BRADESCO OPERADORA;0;;;;
PREMIER FLAMENGO;CAURJ FLA;0,0615;;;;
PREMIER LEBLON;AMIL LEB;0;;;;
PREMIER LEBLON;CAURJ LEB;0;;;;
PREMIER LEBLON;UNIMED FERJ LEB;0,0465;;;;
PREMIER NITEROI;AMIL NIT;0,015;;;;
PREMIER NITEROI;BRADESCO SAUDE NIT;0;;;;
PREMIER NITEROI;CABERJ NIT;0,0615;;;;
PREMIER NITEROI;PORTO SEGURO NIT;0;;;;
PREMIER NITEROI;MEDSENIOR NIT;0,0615;;;;
PREMIER NITEROI;SULAMERICA NIT;0;;;;
PREMIER NITEROI;SEGUROS UNIMED NIT;0,0615;;;;
PREMIER NITEROI;UNIMED FERJ NIT;0;;;;
PREMIER NITEROI;ASSIM NIT;0,0615;;;;
PREMIER NITEROI;UNAFISCO NIT;0;;;;
PREMIER NITEROI;SAUDE PETROBRAS NIT;0,0615;;;;
SP INTERNACOES HC;AMIL SPID;0,0615;;;;
PREMIER NITEROI;BRADESCO OPERADORA;0;;;;
PREMIER NITEROI;UNIMED LESTE FLUMINENSE;0;;;;
PLENO SAUDE;LEVE SAUDE;0,0615;;;;
PLENO SAUDE;FASCAL;0,032;;;;
PREMIER BROOKLIN;VIVEST BRO;0,02;;;;
PREMIER LEBLON;UNIMED DO BRASIL LEB;0,0465;;;;
GERIATRICS;UNIMED COSTA VERDE;0;;;;
PREMIER FLAMENGO;PORTO SEGURO;0;;;;
