convenio;prazo_recurso;previsao_pagto;como_recursar;obs
ABAS;30;30;;
ABERTTA SAUDE;60;60;E-MAIL;
ALLIANZ;30;30;X;
AMIL;90;30;X;
AMAFRERJ;30;60;;
ASSEFAZ;30;60;;
ASSIM;30;60;X;
BANCO BRADESCO;30;60;X;
BANCO CENTRAL;30;60;X;
BRADESCO SAUDE;90;90;ZG/PORTAL;
BIOVIDA;30;30;;
PASA;60;60;PORTAL;
CAMPERJ;;;X;
CAPESESP;60;60;PORTAL;
CAMARJ;30;30;E-MAIL;
CAURJ;45;60;;
CAMED;1;PRÉ;E-MAIL;
PRO SAUDE;30;60;;
CASSI;90;90;ZG/PORTAL;
CARE PLUS;30;60;X;
CNU;30;30;ZG/PORTAL;
METRUS;30;60;;
FIO SAUDE;60;60;E-MAIL;
FUNCESP/VIVEST;60;60;PORTAL;
GAMA SAUDE;60;30;PORTAL;
HOSPITAU;30;30;E-MAIL;
LEVE SAUDE;30;30;;
MEDSENIOR;60;60;Portal;
MEDISERVICE;60;60;CARTA/E-MAIL;
MUTUA;30;30;CARTA;
NUCLEP;30;30;X;
OMINT;1;0;E-MAIL;
PARTICULAR;;;X;
PETROBRAS BR;30;30;X;
SAUDE PETROBRAS;60;60;ZG/PORTAL;
PORTO SEGURO;30;35;ZG/PORTAL;
POSTAL SAUDE;60;60;;
SULAMERICA;60;60;;
REAL GRANDEZA;60;60;ZG/PORTAL;
UNIMED DO BRASIL;60;60;;
UNIMED FERJ;60;60;;
STJ;120;120;CARTA;
UNAFISCO;60;60;PORTAL;
UNIMED VOLTA REDONDA;30;30;?;
UNIMED CENTRO SUL;60;60;;
UNIMED CUIABA;1;PRÉ;X;
VIVEST;60;60;;
BRADESCO OPERADORA;90;60;;
CET;30;60;;
CASEMBRAPA;30;60;;
PREVENT SENIOR;1;PRÉ;Analise de Auditoria;Glosa trabalhadas pela Auditoria da Filial.
GEAP;60;60;;
SEGUROS UNIMED;30;60;;
