convenio;prazo
AMIL;31
AMIL SP;31
ASSEFAZ;46
AUSTA;61
BACEN;31
BANCO BRADESCO;46
BIOVIDA;31
BRADESCO SAUDE;46
;31
BRADESCO OPERADORA;46
CAIXA SEGURADORA;31
CAMED;46
CAPESESP;31
CAPESESP - RJ;31
CARE PLUS;16
CASEMBRAPA;31
CASSI;31
CASSI-BSB;31
CASSI-RJ;60
CASSI-SP;31
CENTRAIS ELETRICAS;31
CETESB;31
CNU;31
CNU-SP;31
FIO SAUDE;31
FUNCESP;31
GAMA SAUDE;31
CIGNA(ONU);31
HOSPITAU;31
INFRAERO;31
LIFE EMPRESARIAL SAUDE;31
LIV SAUDE;31
MEDISERVICE;31
MEDISERVICE SP;31
MUTUA;31
METRUS;31
MUTUA-RJ;31
NUCLEP;31
OMINT;31
OMINT-SP;31
OMINT-RJ;31
PARTICULAR;31
PORTO SEGURO;31
PORTO SEGURO SP;31
PREVENT SENIOR;31
REAL GRANDEZA;31
SAUDE PETROBRAS ;31
ALLIANCA SAUDE;31
SAUDE CAIXA;31
SEPACO;31
CIGNA;31
STJ;31
SULAMERICA;51
SULAMERICA-SP;51
UNAFISCO;31
UNICEF;31
UNIMED CENTRO SUL (ISS);15
UNIMED CENTRO SUL;15
UNIMED CUIABA;31
UNIMED RIO;31
SEGUROS UNIMED;31
UNIMED VOLTA REDONDA;31
VIVEST;31
VIVEST RJ ;31
VIVEST SAUDE;31
UNIMED SERRANA;31
SAUDE PETROBRAS;31
MEDSENIOR;31
SAMEDIL;31
UNIMED CUIABA;31
UNIMED NORTE CAPIXABA;31
UNIMED RESENDE;31
ESMALE;31
UNIMED PORTO ALEGRE;31
ABERTTA SAUDE;48
FUSEX;31
CAURJ;31
ASSEFAZ GRT;31
PRO SAUDE;31
POSTAL SAUDE;31
AMAFRERJ GRT;61
AMIL GRT;31
BANCO CENTRAL GRT;31
CAMARJ GRT;45
CAPESESP GRT;31
CASSI GRT;31
MEDSENIOR GRT;31
PASA GRT;31
SAUDE PETROBRAS GRT;31
REAL GRANDEZA GRT;31
SULAMERICA GRT;51
UNIMED FERJ GRT;31
UNIMED SAO LOURENCO GRT;31
UNIMED S.J CAMPOS GRT;31
AMIL NIT;31
BRADESCO SAUDE NIT;46
CABERJ NIT;31
PORTO SEGURO NIT;31
SULAMERICA NIT;51
MEDSENIOR NIT;31
SEGUROS UNIMED NIT;31
UNIMED FERJ NIT;31
UNAFISCO NIT;31
ASSIM NIT;31
SAUDE PETROBRAS NIT;31
AMIL BRO;31
BANCO CENTRAL BRO;31
CASSI BRO;31
CET BRO;31
GOLDEN CROSS BRO;31
METRUS BRO;31
PREVENT SENIOR BRO;31
SULAMERICA BRO;51
PORTO SEGURO BRO;31
BRADESCO SAUDE BRO;46
SULAMERICA BRO (ISS);51
FIO SAUDE BAR;31
CNU BRO;31
AMIL BAR;31
BRADESCO SAUDE BAR;46
ASSIM BAR;31
CASSI BAR;31
BRADESCO OPERADORA BAR;46
SAUDE PETROBRAS BAR;31
PORTO SEGURO BAR;31
SULAMERICA BAR;51
UNIMED FERJ BAR;31
MEDSENIOR BAR;31
CAURJ BAR;31
AMIL LEB;31
CAURJ LEB;46
UNIMED FERJ LEB;61
CAURJ FLA;46
AMIL SPID;46
UNIMED DO BRASIL LEB;46
UNIMED DO BRASIL GRT;46
UNIMED DO BRASIL BAR;46
GEAP;91
OMINT BRO;31
POSTAL SAUDE BSB;61
UNIMED DO BRASIL NIT;46
SEGUROS UNIMED BRO;46
UNIMED VOLTA REDONDA BAR;46
BRADESCO SAUDE BSB;46
BRADESCO OPERADORA BSB;46
LEVE SAUDE;46
UNIMED LESTE FLUMINENSE;61
ABAS;46
AMAFRESP;61
FASCAL;91
VIVEST BRO;45
UNIMED COSTA VERDE;45
